{
	"character-sheet": "Character Sheet",
	"attributes": "Attributes",
	"strength": "Strength",
	"agility": "Agility",
	"wits": "Wits",
	"empathy": "Empathy",
	"trauma": "Trauma",
	"hit-points": "Hit Points (Str + Agi)",
	"strength-agility": "",
	"critical-injuries": "Critical Injuries",
	"mind-points": "Mind points (Wit + Emp)",
	"wits-empathy": "",
	"character-name": "Name",
	"background": "Background",
	"concept": "Concept",
	"icon": "Icon",
	"group-concept": "Group concept",
	"reputation": "Reputation",
	"personal-problem": "Personal Problem",
	"appearance": "Appearance",
	"face": "Face",
	"clothing": "Clothing",
	"relationships": "Relationships",
	"buddy": "Buddy",
	"character": "Character",
	"radiation": "Radiation",
	"experience": "Experience",
	"skills": "Skills",
	"general": "General",
	"advanced": "Advanced",
	"force": "Force (strength)",
	"command": "Command (empathy)",
	"manipulation": "Manipulation (empathy)",
	"datadjinn": " Data Djinn (wits)",
	"melee-combat": "Melee Combat (strength)",
	"culture": "Culture (empathy)",
	"dexterity": "Dexterity (ability)",
	"medicurgy": "Medicurgy (wits)",
	"ranged-combat": "Ranged Combat (ability)",
	"mystic-powers": "Mystic Powers (empathy)",
	"infiltration": "Infiltration (ability)",
	"skill-pilot": "Pilot (agility)",
	"observation": "Observation (wits)",
	"technology": "Technology (wits)",
	"survival": "Survival (wits)",
	"science": "Science (wits)",
	"character-armour": "Armor",
	"armour-rating": "Rating",
	"armour-comment": "Comment",
	"talents": "Talents",
	"gear": "Gear",
	"gear-bonus": "Bonus",
	"character-weapons": "Weapons",
	"character-weapons-bonus": "Bonus",
	"character-weapons-init": "Init",
	"character-weapons-damage": "Damage",
	"character-weapons-crit": "Crit",
	"character-weapons-range": "Range",
	"character-weapons-comments": "Comments",
	"character-weapons-reloads": "Reloads",
	"spaceship-sheet": "Spaceship Sheet",
	"spaceship-name": "Name",
	"class-type": "Class & Type",
	"shipyard": "Shipyard",
	"problem": "Problem",
	"data": "Data",
	"maneuverability": "Maneuverability",
	"signature": "Signature",
	"speed": "Speed",
	"ship-armour": "Armor",
	"modules": "Modules",
	"disabled": "Disabled",
	"max-modules": "Maximum number of modules",
	"energy-points": "Energy Points",
	"hull-points": "Hull points",
	"critical-damage": "Critical Damage",
	"features": "Features",
	"bonus": "Bonus",
	"captain": "Captain",
	"pilot": "Pilot",
	"sensor-op": "Sensor operator",
	"gunner": "Gunner",
	"engineer": "Engineer",
	"skill-level": "Skill Level",
	"ship-weapons": "Weapons",
	"ship-weapons-bonus": "Bonus",
	"ship-weapons-damage": "Damage",
	"ship-weapons-crit": "Crit",
	"ship-weapons-range": "Range",
	"ship-weapons-comments": "Comments",
	"rolltemplate-autofail": "Missing skill point in advanced skill. Automatic fail.",
	"rolltemplate-fail": "Failure",
	"rolltemplate-success": "Limited Success",
	"rolltemplate-greatsuccess": "Critical Success"
}
